,Comuna,causa,n_def,Nombre Comuna,Poblacion 2017,tasa_def,prop_rural,etnia,ingreso,tasa_denuncias,region,rm
0,1101,"Traumatismos, envenenamientos y algunas otras consecuencias de causas externas",75.0,Iquique,202891.0,36.965661364969364,1.656554504635494,14.216835493431237,374238.55163776706,3802.469404169293,1,0
1,1107,"Traumatismos, envenenamientos y algunas otras consecuencias de causas externas",36.0,Alto Hospicio,113098.0,31.830801605687107,2.0203717130276395,20.904773530963762,236733.33852612015,2324.900349792565,1,0
2,1401,"Traumatismos, envenenamientos y algunas otras consecuencias de causas externas",6.0,Pozo Almonte,15286.0,39.25160277377993,34.89467486589036,46.480097340517986,296573.0940378933,1354.4018058690745,1,0
3,1402,"Traumatismos, envenenamientos y algunas otras consecuencias de causas externas",1.0,Camiña,1286.0,77.76049766718506,100.0,85.45673076923077,278387.98798076925,849.5145631067961,1,0
4,1404,"Traumatismos, envenenamientos y algunas otras consecuencias de causas externas",4.0,Huara,2748.0,145.5604075691412,59.75254730713247,45.61353211009174,286434.7758027523,1399.155227032735,1,0
5,1405,"Traumatismos, envenenamientos y algunas otras consecuencias de causas externas",4.0,Pica,5320.0,75.18796992481204,32.31203007518797,55.034541786391145,404464.29436938313,657.7948692000202,1,0
6,2101,"Traumatismos, envenenamientos y algunas otras consecuencias de causas externas",113.0,Antofagasta,381635.0,29.609443578288158,1.489905275983597,5.14874023755078,437843.2151429589,2044.0401988848903,2,0
7,2102,"Traumatismos, envenenamientos y algunas otras consecuencias de causas externas",6.0,Mejillones,12933.0,46.39294827186268,4.538776772597232,4.9842914154708335,318447.864566528,1220.1989862962268,2,0
8,2104,"Traumatismos, envenenamientos y algunas otras consecuencias de causas externas",5.0,Taltal,12831.0,38.96812407450705,10.310965630114566,1.1150301513255205,322686.5883490727,2775.8362456315526,2,0
9,2201,"Traumatismos, envenenamientos y algunas otras consecuencias de causas externas",88.0,Calama,171875.0,51.199999999999996,3.094109090909091,15.151223800236243,455605.8471623218,4027.1823100950446,2,0
10,2203,"Traumatismos, envenenamientos y algunas otras consecuencias de causas externas",5.0,San Pedro de Atacama,9177.0,54.48403617740002,44.49166394246486,54.559798043546856,394896.40138845064,1724.5567160553803,2,0
11,2301,"Traumatismos, envenenamientos y algunas otras consecuencias de causas externas",9.0,Tocopilla,26886.0,33.47467083240348,3.964888789704679,2.8651924303635976,306291.31543695513,3695.9088342487553,2,0
12,2302,"Traumatismos, envenenamientos y algunas otras consecuencias de causas externas",1.0,María Elena,6651.0,15.035333032626674,8.194256502781537,14.075723830734965,288820.7545657016,1394.422310756972,2,0
13,3101,"Traumatismos, envenenamientos y algunas otras consecuencias de causas externas",54.0,Copiapó,165066.0,32.71418705245175,1.9143857608471764,14.262445281482236,372347.84654495685,2493.217145288472,3,0
14,3102,"Traumatismos, envenenamientos y algunas otras consecuencias de causas externas",7.0,Caldera,18582.0,37.670864277257564,9.740609191690885,12.440575828590559,284673.79665215936,4417.1075275670855,3,0
15,3103,"Traumatismos, envenenamientos y algunas otras consecuencias de causas externas",6.0,Tierra Amarilla,13941.0,43.03851947493006,23.64966645147407,33.674278464954014,307473.4175388519,2409.638554216868,3,0
16,3201,"Traumatismos, envenenamientos y algunas otras consecuencias de causas externas",4.0,Chañaral,13058.0,30.632562413845914,10.238933986827998,5.408045466654826,268659.45049285144,2959.724207517027,3,0
17,3202,"Traumatismos, envenenamientos y algunas otras consecuencias de causas externas",2.0,Diego de Almagro,14559.0,13.737207225771002,6.593859468370081,10.877792699304115,346625.59516542545,1837.5680580762248,3,0
18,3301,"Traumatismos, envenenamientos y algunas otras consecuencias de causas externas",21.0,Vallenar,55620.0,37.75620280474649,11.094929881337649,20.56232905289509,345404.94344258495,1681.5212266798374,3,0
19,3302,"Traumatismos, envenenamientos y algunas otras consecuencias de causas externas",2.0,Alto del Carmen,5575.0,35.874439461883405,100.0,45.31355360755226,280827.189031243,401.01308569016464,3,0
20,3304,"Traumatismos, envenenamientos y algunas otras consecuencias de causas externas",5.0,Huasco,10776.0,46.399406087602074,12.759836674090572,16.090754987612467,306475.3292476203,1413.1126670910248,3,0
21,4101,"Traumatismos, envenenamientos y algunas otras consecuencias de causas externas",84.0,La Serena,233270.0,36.00977408153641,9.277232391649163,4.471487252831318,358956.116163044,2889.3350268365634,4,0
22,4102,"Traumatismos, envenenamientos y algunas otras consecuencias de causas externas",63.0,Coquimbo,239467.0,26.308426630809258,6.108983701303311,4.938077679855818,232246.56171977049,2770.564557745897,4,0
23,4103,"Traumatismos, envenenamientos y algunas otras consecuencias de causas externas",9.0,Andacollo,11604.0,77.55946225439503,9.565667011375387,1.9538188277087036,208251.16204399508,2074.9665327978582,4,0
24,4104,"Traumatismos, envenenamientos y algunas otras consecuencias de causas externas",3.0,La Higuera,4321.0,69.42837306179125,68.03980560055543,6.999732834624632,182289.5260486241,2737.6425855513307,4,0
25,4106,"Traumatismos, envenenamientos y algunas otras consecuencias de causas externas",14.0,Vicuña,28706.0,48.77029192503309,36.93652894865185,3.018796278716537,229901.57729257643,1719.2918415769302,4,0
26,4201,"Traumatismos, envenenamientos y algunas otras consecuencias de causas externas",11.0,Illapel,32224.0,34.13604766633565,31.678252234359483,6.966016195406876,233801.2459843356,1808.0041178741476,4,0
27,4202,"Traumatismos, envenenamientos y algunas otras consecuencias de causas externas",5.0,Canela,9456.0,52.87648054145516,78.56387478849408,6.2371768567911365,201193.3032416906,1447.986790295948,4,0
28,4203,"Traumatismos, envenenamientos y algunas otras consecuencias de causas externas",6.0,Los Vilos,22279.0,26.93119080748687,19.596929844247946,2.201478443856904,245212.72173959963,2323.042661892494,4,0
29,4204,"Traumatismos, envenenamientos y algunas otras consecuencias de causas externas",9.0,Salamanca,28080.0,32.05128205128205,40.07122507122507,4.430352256439213,246402.06993006993,1793.5292278837137,4,0
30,4301,"Traumatismos, envenenamientos y algunas otras consecuencias de causas externas",34.0,Ovalle,117221.0,29.005041758729234,20.95870193907235,8.750956388676357,274706.47319503373,1533.8667453264998,4,0
31,4302,"Traumatismos, envenenamientos y algunas otras consecuencias de causas externas",5.0,Combarbalá,13737.0,36.39804906457014,54.203974666957855,3.7350373503735037,203041.43452434524,1019.4217418050796,4,0
32,4303,"Traumatismos, envenenamientos y algunas otras consecuencias de causas externas",9.0,Monte Patria,31999.0,28.12587893371668,49.56404887652739,7.441597588545592,182610.34074353176,2194.335870534184,4,0
33,4304,"Traumatismos, envenenamientos y algunas otras consecuencias de causas externas",3.0,Punitaqui,11725.0,25.5863539445629,46.47334754797441,7.375791291003261,186343.41099175139,1321.7913751531682,4,0
34,4305,"Traumatismos, envenenamientos y algunas otras consecuencias de causas externas",2.0,Río Hurtado,4374.0,45.72473708276177,100.0,1.4572864321608041,199138.9703517588,2549.366656715145,4,0
35,5101,"Traumatismos, envenenamientos y algunas otras consecuencias de causas externas",138.0,Valparaíso,308082.0,44.79326932440065,0.4196934582351452,3.5164528166344065,338667.96495121025,4113.329723127974,5,0
36,5102,"Traumatismos, envenenamientos y algunas otras consecuencias de causas externas",9.0,Casablanca,27813.0,32.358968827526695,30.61517995182109,6.367702448210923,313359.6991525424,2041.1134404845093,5,0
37,5103,"Traumatismos, envenenamientos y algunas otras consecuencias de causas externas",16.0,Concón,43578.0,36.71577401441094,6.012207994859792,3.1031350502049935,447023.4301303611,1743.3056325023083,5,0
38,5105,"Traumatismos, envenenamientos y algunas otras consecuencias de causas externas",8.0,Puchuncaví,18925.0,42.27212681638045,13.421400264200791,6.6816521494801915,262206.92143860634,2526.2251051538037,5,0
39,5107,"Traumatismos, envenenamientos y algunas otras consecuencias de causas externas",12.0,Quintero,33710.0,35.59774547611985,16.47878967665381,6.6573606786212824,329245.6903611439,993.2392955512896,5,0
40,5109,"Traumatismos, envenenamientos y algunas otras consecuencias de causas externas",113.0,Viña del Mar,348885.0,32.388896054573856,0.0,3.0727602018082245,498707.20012289606,3621.316746613252,5,0
41,5301,"Traumatismos, envenenamientos y algunas otras consecuencias de causas externas",32.0,Los Andes,66572.0,48.068256924833264,6.175268881812173,2.7169484620085558,382003.03847524954,2083.8201536748634,5,0
42,5302,"Traumatismos, envenenamientos y algunas otras consecuencias de causas externas",3.0,Calle Larga,15371.0,19.51727278641598,26.5044564439529,1.772362226530047,207706.33841041263,1985.6244384546271,5,0
43,5303,"Traumatismos, envenenamientos y algunas otras consecuencias de causas externas",3.0,Rinconada,10513.0,28.536098164177684,19.147721868163224,4.962370649106303,282598.84230950143,1224.4488307517313,5,0
44,5304,"Traumatismos, envenenamientos y algunas otras consecuencias de causas externas",9.0,San Esteban,19541.0,46.05700834143595,37.208945294508986,6.148609116536354,232340.54885378436,1467.6167180687014,5,0
45,5401,"Traumatismos, envenenamientos y algunas otras consecuencias de causas externas",16.0,La Ligua,36749.0,43.53859968978748,25.17891643310022,0.4496178248488784,242205.17462656743,1546.493301812451,5,0
46,5402,"Traumatismos, envenenamientos y algunas otras consecuencias de causas externas",5.0,Cabildo,20339.0,24.58331284723929,35.847386793844336,0.0,389030.4100219288,968.3547236250752,5,0
47,5403,"Traumatismos, envenenamientos y algunas otras consecuencias de causas externas",1.0,Papudo,5942.0,16.82935038707506,7.6236957253450015,3.409478349812479,335451.91186498466,561.5486921826512,5,0
48,5404,"Traumatismos, envenenamientos y algunas otras consecuencias de causas externas",5.0,Petorca,10367.0,48.229960451432426,55.08826082762612,1.1208883301906558,221162.61659333753,1055.6742490888523,5,0
49,5405,"Traumatismos, envenenamientos y algunas otras consecuencias de causas externas",4.0,Zapallar,7607.0,52.583147101354015,29.564874457736295,0.0,292693.4215342191,2862.1204579392734,5,0
50,5501,"Traumatismos, envenenamientos y algunas otras consecuencias de causas externas",46.0,Quillota,93787.0,49.04730932858498,13.239574781153038,2.0495190241644905,287804.3505008099,2058.780408034375,5,0
51,5502,"Traumatismos, envenenamientos y algunas otras consecuencias de causas externas",22.0,Calera,52715.0,41.73385184482595,3.0446741914066204,2.387777995406065,226771.96563451504,1479.5782758926198,5,0
52,5503,"Traumatismos, envenenamientos y algunas otras consecuencias de causas externas",5.0,Hijuelas,18572.0,26.922248546198578,32.28516045660134,1.676254711366792,249276.25892680025,999.4530356521308,5,0
53,5504,"Traumatismos, envenenamientos y algunas otras consecuencias de causas externas",7.0,La Cruz,23054.0,30.363494404441745,11.355946907261213,5.5965665236051505,255960.74123032903,1480.761534503459,5,0
54,5506,"Traumatismos, envenenamientos y algunas otras consecuencias de causas externas",7.0,Nogales,23091.0,30.31484128015244,14.16136156944264,3.56383553745811,213338.99762170733,1567.0289855072465,5,0
55,5601,"Traumatismos, envenenamientos y algunas otras consecuencias de causas externas",67.0,San Antonio,94364.0,71.00165317282014,5.2021957526175235,5.869802471806267,238030.93804752867,2398.922616337089,5,0
56,5602,"Traumatismos, envenenamientos y algunas otras consecuencias de causas externas",3.0,Algarrobo,14221.0,21.095562899936713,21.411996343435764,5.7542670682730925,476213.0576054217,5015.436960493982,5,0
57,5603,"Traumatismos, envenenamientos y algunas otras consecuencias de causas externas",12.0,Cartagena,23795.0,50.43076276528682,8.531204034461021,9.912670950733235,308770.3718569781,3019.956242126898,5,0
58,5604,"Traumatismos, envenenamientos y algunas otras consecuencias de causas externas",7.0,El Quisco,16584.0,42.20935841775205,7.5192957067052575,8.19672131147541,288598.6772803699,4853.608893064036,5,0
59,5605,"Traumatismos, envenenamientos y algunas otras consecuencias de causas externas",7.0,El Tabo,13406.0,52.215425928688646,6.27331045800388,0.6932527970347999,335818.4785503466,5410.254640811539,5,0
60,5606,"Traumatismos, envenenamientos y algunas otras consecuencias de causas externas",10.0,Santo Domingo,11231.0,89.03926631644555,40.79779182619535,5.150302657227865,383614.3431825177,2569.310449883213,5,0
61,5701,"Traumatismos, envenenamientos y algunas otras consecuencias de causas externas",34.0,San Felipe,79961.0,42.52072885531697,8.883080501744601,4.756716183004637,349938.20023244835,3032.804536644893,5,0
62,5702,"Traumatismos, envenenamientos y algunas otras consecuencias de causas externas",6.0,Catemu,14643.0,40.97520999795124,42.27958751621935,0.14151646059883807,194493.51824817518,1536.0756221844767,5,0
63,5703,"Traumatismos, envenenamientos y algunas otras consecuencias de causas externas",14.0,Llaillay,25626.0,54.6320143604152,25.376570670412864,3.557989798478134,311301.3261560331,1084.1669721887604,5,0
64,5704,"Traumatismos, envenenamientos y algunas otras consecuencias de causas externas",3.0,Panquehue,7394.0,40.573437922639975,45.834460373275625,2.246904123579727,243877.5363206945,1820.9154694286667,5,0
65,5705,"Traumatismos, envenenamientos y algunas otras consecuencias de causas externas",9.0,Putaendo,17116.0,52.582379060528154,57.69455480252395,0.8629441624365483,208523.75933446136,2738.3367139959432,5,0
66,5706,"Traumatismos, envenenamientos y algunas otras consecuencias de causas externas",7.0,Santa María,15716.0,44.54059557139221,33.95902265207432,0.5782245876864446,238103.4415533215,1667.9852320675109,5,0
67,5801,"Traumatismos, envenenamientos y algunas otras consecuencias de causas externas",55.0,Quilpué,160210.0,34.32994195118906,1.3438611821983646,4.369124028204665,388303.80467478756,708.2476582133881,5,0
68,5802,"Traumatismos, envenenamientos y algunas otras consecuencias de causas externas",30.0,Limache,47999.0,62.501302110460635,14.48155169899373,3.31402283182825,279308.2200545238,1400.560224089636,5,0
69,5803,"Traumatismos, envenenamientos y algunas otras consecuencias de causas externas",10.0,Olmué,18314.0,54.60303592879764,29.452877579993448,1.2355212355212355,292174.15723195724,1653.2854426368056,5,0
70,5804,"Traumatismos, envenenamientos y algunas otras consecuencias de causas externas",41.0,Villa Alemana,131544.0,31.168278294715076,1.026272577996716,3.819442180153508,359848.6503615982,1718.9331482342463,5,0
71,6101,"Traumatismos, envenenamientos y algunas otras consecuencias de causas externas",111.0,Rancagua,255550.0,43.43572686362747,3.0827626687536682,3.0175270922291935,305040.69844383467,1259.4458438287154,6,0
72,6102,"Traumatismos, envenenamientos y algunas otras consecuencias de causas externas",5.0,Codegua,13545.0,36.913990402362494,45.60354374307863,2.294512793418371,248019.07887387727,2111.625130577526,6,0
73,6103,"Traumatismos, envenenamientos y algunas otras consecuencias de causas externas",6.0,Coinco,7592.0,79.03055848261327,53.76712328767124,0.0,228324.0018523419,1681.0059563203176,6,0
74,6104,"Traumatismos, envenenamientos y algunas otras consecuencias de causas externas",5.0,Coltauco,20387.0,24.525432873890225,42.72820915289155,0.4793222606175454,233977.99838368074,1228.3919737646602,6,0
75,6105,"Traumatismos, envenenamientos y algunas otras consecuencias de causas externas",15.0,Doñihue,21755.0,68.9496667432774,21.149161112387958,1.0988004761468728,257504.82171962273,1747.385800770501,6,0
76,6106,"Traumatismos, envenenamientos y algunas otras consecuencias de causas externas",15.0,Graneros,34828.0,43.06879522223498,10.396807166647525,5.926829268292683,277123.0642073171,2514.0598875209,6,0
77,6107,"Traumatismos, envenenamientos y algunas otras consecuencias de causas externas",13.0,Las Cabras,25703.0,50.57775356962222,60.08248064428277,2.238152130625249,204726.04412584627,1503.4005488605178,6,0
78,6108,"Traumatismos, envenenamientos y algunas otras consecuencias de causas externas",16.0,Machalí,55258.0,28.955083426834122,1.9834232147381374,4.293182930284066,430989.48868114036,3951.512064094845,6,0
79,6109,"Traumatismos, envenenamientos y algunas otras consecuencias de causas externas",2.0,Malloa,13916.0,14.371945961483185,58.73095717160104,2.6179127836665006,254263.11005193144,624.6937775600196,6,0
80,6110,"Traumatismos, envenenamientos y algunas otras consecuencias de causas externas",10.0,Mostazal,26378.0,37.91037986200622,17.24543179922663,5.251133527819761,259534.0126533338,1301.883342475773,6,0
81,6111,"Traumatismos, envenenamientos y algunas otras consecuencias de causas externas",4.0,Olivar,14194.0,28.18092151613358,31.39354656897281,3.6036656790463724,284252.4642045063,892.8571428571428,6,0
82,6112,"Traumatismos, envenenamientos y algunas otras consecuencias de causas externas",10.0,Peumo,14742.0,67.8334011667345,15.934065934065933,4.451857078709346,217184.10424016934,216.73453303559705,6,0
83,6113,"Traumatismos, envenenamientos y algunas otras consecuencias de causas externas",12.0,Pichidegua,20246.0,59.270967104613256,51.36817149066483,2.1273370389085398,213507.2371399697,2362.4953857512,6,0
84,6114,"Traumatismos, envenenamientos y algunas otras consecuencias de causas externas",10.0,Quinta de Tilcoco,13425.0,74.487895716946,43.64990689013035,2.2573735376503543,283662.65060141706,4980.356363347752,6,0
85,6115,"Traumatismos, envenenamientos y algunas otras consecuencias de causas externas",22.0,Rengo,61438.0,35.808457306552945,21.714574042123765,4.068709179069092,257759.5248175964,1774.655028792872,6,0
86,6116,"Traumatismos, envenenamientos y algunas otras consecuencias de causas externas",8.0,Requínoa,29017.0,27.570045145948924,41.92369990005859,4.151769427216345,254556.6376140095,930.8510638297872,6,0
87,6117,"Traumatismos, envenenamientos y algunas otras consecuencias de causas externas",18.0,San Vicente,48801.0,36.88449007192476,43.876150078891826,4.774371477676966,286341.1717694552,1234.9594624060894,6,0
88,6201,"Traumatismos, envenenamientos y algunas otras consecuencias de causas externas",8.0,Pichilemu,16982.0,47.10870333294076,22.341302555647154,1.0411311053984575,402211.393059126,775.3273604410751,6,0
89,6202,"Traumatismos, envenenamientos y algunas otras consecuencias de causas externas",2.0,La Estrella,3093.0,64.66214031684449,60.976398318784355,3.2372143634385204,225107.52366702937,690.1991717609939,6,0
90,6203,"Traumatismos, envenenamientos y algunas otras consecuencias de causas externas",4.0,Litueche,6554.0,61.03143118706134,45.28532194079951,1.1445449510799335,245405.85656267306,2215.282115344576,6,0
91,6204,"Traumatismos, envenenamientos y algunas otras consecuencias de causas externas",6.0,Marchihue,7484.0,80.17103153393907,53.6878674505612,0.812807881773399,228233.7155172414,5367.7092138630605,6,0
92,6205,"Traumatismos, envenenamientos y algunas otras consecuencias de causas externas",3.0,Navidad,6650.0,45.11278195488722,100.0,2.426375254676792,196745.60955732543,980.50139275766,6,0
93,6206,"Traumatismos, envenenamientos y algunas otras consecuencias de causas externas",5.0,Paredones,6360.0,78.61635220125787,68.66352201257861,0.6875934230194319,210040.65455904335,1721.2075430976342,6,0
94,6301,"Traumatismos, envenenamientos y algunas otras consecuencias de causas externas",35.0,San Fernando,76009.0,46.047178623584045,13.791787814600903,3.0071642807559824,261764.96882817513,2797.247848270886,6,0
95,6302,"Traumatismos, envenenamientos y algunas otras consecuencias de causas externas",11.0,Chépica,15590.0,70.55805003207183,41.95638229634381,0.3734687780101584,207757.69674335225,1015.2660441677782,6,0
96,6303,"Traumatismos, envenenamientos y algunas otras consecuencias de causas externas",17.0,Chimbarongo,36744.0,46.266057043326796,42.420531243196166,1.136785581674331,192290.17128902345,958.0018817894106,6,0
97,6304,"Traumatismos, envenenamientos y algunas otras consecuencias de causas externas",5.0,Lolol,7095.0,70.47216349541931,63.791402396053556,0.0,199265.67491378018,1852.0300173176836,6,0
98,6305,"Traumatismos, envenenamientos y algunas otras consecuencias de causas externas",7.0,Nancagua,18514.0,37.80922545101004,36.59933023657773,2.7177269919703524,213518.15902071988,1292.3997823326683,6,0
99,6306,"Traumatismos, envenenamientos y algunas otras consecuencias de causas externas",8.0,Palmilla,12922.0,61.90992106485065,70.40705773100139,1.4897420618030135,220548.32008172298,1601.4887078128963,6,0
100,6307,"Traumatismos, envenenamientos y algunas otras consecuencias de causas externas",4.0,Peralillo,11478.0,34.84927687750479,39.092176337341,1.4988290398126463,246265.67213114753,1072.9916701962445,6,0
101,6308,"Traumatismos, envenenamientos y algunas otras consecuencias de causas externas",4.0,Placilla,8977.0,44.55831569566671,71.98395900634956,3.8772402483307955,223586.0744992386,541.3598960589,6,0
102,6309,"Traumatismos, envenenamientos y algunas otras consecuencias de causas externas",2.0,Pumanque,3512.0,56.947608200455576,100.0,2.2556390977443606,292155.3786739576,1146.2933383444515,6,0
103,6310,"Traumatismos, envenenamientos y algunas otras consecuencias de causas externas",30.0,Santa Cruz,39540.0,75.87253414264036,40.23773394031361,2.085375871114762,320371.5548901667,1638.1081151355988,6,0
104,7101,"Traumatismos, envenenamientos y algunas otras consecuencias de causas externas",88.0,Talca,230644.0,38.15403825809473,4.625310001560847,2.8901449987711967,343581.8520710059,2735.4082993673765,7,0
105,7102,"Traumatismos, envenenamientos y algunas otras consecuencias de causas externas",32.0,Constitución,49714.0,64.36818602405761,19.76907913263869,4.643466750269969,301342.57229943917,1353.365425796173,7,0
106,7103,"Traumatismos, envenenamientos y algunas otras consecuencias de causas externas",6.0,Curepto,9582.0,62.61740763932373,63.869755792110205,11.87514667918329,213838.01044355784,761.6232806638627,7,0
107,7104,"Traumatismos, envenenamientos y algunas otras consecuencias de causas externas",4.0,Empedrado,4200.0,95.23809523809524,27.80952380952381,0.0,201789.93161255989,1138.7163561076604,7,0
108,7105,"Traumatismos, envenenamientos y algunas otras consecuencias de causas externas",12.0,Maule,52210.0,22.984102662325224,21.10515226968014,1.2243878060969515,208063.6890721306,1150.6446874489964,7,0
109,7106,"Traumatismos, envenenamientos y algunas otras consecuencias de causas externas",4.0,Pelarco,8766.0,45.63084645220169,69.46155601186402,3.110443275732532,226212.0474830954,1672.6266005306263,7,0
110,7107,"Traumatismos, envenenamientos y algunas otras consecuencias de causas externas",4.0,Pencahue,8503.0,47.04222039280254,57.85017052804893,0.0,236341.26047804335,1426.55864741106,7,0
111,7108,"Traumatismos, envenenamientos y algunas otras consecuencias de causas externas",7.0,Río Claro,14357.0,48.75670404680643,67.93898446750714,1.5194235588972431,208878.13455513783,479.5013186286262,7,0
112,7109,"Traumatismos, envenenamientos y algunas otras consecuencias de causas externas",19.0,San Clemente,44685.0,42.519861250979076,48.367461116705826,1.4372722407685838,201349.3221375602,903.0032467532468,7,0
113,7110,"Traumatismos, envenenamientos y algunas otras consecuencias de causas externas",4.0,San Rafael,9554.0,41.86728072011723,46.44128113879004,3.923138510808647,258546.2428228297,1712.9892229154848,7,0
114,7201,"Traumatismos, envenenamientos y algunas otras consecuencias de causas externas",30.0,Cauquenes,43590.0,68.82312456985547,18.45606790548291,0.7633043230132687,235310.9848052504,1113.5497285433753,7,0
115,7202,"Traumatismos, envenenamientos y algunas otras consecuencias de causas externas",9.0,Chanco,9320.0,96.56652360515021,55.62231759656653,1.7806731813246472,192070.66232356135,792.0582954905482,7,0
116,7203,"Traumatismos, envenenamientos y algunas otras consecuencias de causas externas",3.0,Pelluhue,7763.0,38.64485379363648,48.02267164755894,1.596709810088303,191715.8409338333,1518.7937062937062,7,0
117,7301,"Traumatismos, envenenamientos y algunas otras consecuencias de causas externas",56.0,Curicó,156377.0,35.810892906245805,11.338623966440077,3.049159094399081,297785.7912925043,2660.092001191382,7,0
118,7302,"Traumatismos, envenenamientos y algunas otras consecuencias de causas externas",10.0,Hualañé,10137.0,98.64851533984414,39.17332544145211,1.8279261173318022,219185.92391616423,496.4200477326969,7,0
119,7303,"Traumatismos, envenenamientos y algunas otras consecuencias de causas externas",6.0,Licantén,6939.0,86.46779074794638,26.415910073497624,13.20480654958405,203456.76746335666,932.5771896660366,7,0
120,7304,"Traumatismos, envenenamientos y algunas otras consecuencias de causas externas",17.0,Molina,47723.0,35.622236657376945,18.112859627433313,1.8731621477691078,238288.36650536017,837.997464361916,7,0
121,7305,"Traumatismos, envenenamientos y algunas otras consecuencias de causas externas",4.0,Rauco,10786.0,37.08511032820323,46.347116632671984,3.8696337140606536,234088.25994486018,6411.923669332152,7,0
122,7306,"Traumatismos, envenenamientos y algunas otras consecuencias de causas externas",7.0,Romeral,15500.0,45.16129032258064,56.045161290322575,7.3604060913705585,234640.4670718675,1215.6656590879222,7,0
123,7307,"Traumatismos, envenenamientos y algunas otras consecuencias de causas externas",9.0,Sagrada Familia,19103.0,47.11301889755536,57.26849185991729,0.9126605115143797,210865.45824047542,860.6034849128771,7,0
124,7308,"Traumatismos, envenenamientos y algunas otras consecuencias de causas externas",15.0,Teno,29855.0,50.24284039524368,66.74593870373472,2.646456080842343,248431.77842555297,1182.2315494928296,7,0
125,7309,"Traumatismos, envenenamientos y algunas otras consecuencias de causas externas",2.0,Vichuquén,4409.0,45.36176003628941,65.45701973236562,10.870947234583598,266226.8777283323,794.459156651049,7,0
126,7401,"Traumatismos, envenenamientos y algunas otras consecuencias de causas externas",50.0,Linares,98039.0,51.00011220024684,17.34717816379196,2.649877229960236,256937.50052150106,1228.545618789521,7,0
127,7402,"Traumatismos, envenenamientos y algunas otras consecuencias de causas externas",5.0,Colbún,21704.0,23.037228160707706,55.75009214891264,0.8677486742728587,196872.0176763619,1272.6304579339724,7,0
128,7403,"Traumatismos, envenenamientos y algunas otras consecuencias de causas externas",24.0,Longaví,31924.0,75.17854905400326,69.11727853652424,3.4831972526894903,171876.79524827417,666.83548577699,7,0
129,7404,"Traumatismos, envenenamientos y algunas otras consecuencias de causas externas",23.0,Parral,43412.0,52.98074265180135,25.668018059522712,1.557249405786411,223150.61888369804,2621.628434585329,7,0
130,7405,"Traumatismos, envenenamientos y algunas otras consecuencias de causas externas",11.0,Retiro,20592.0,53.41880341880342,63.81118881118881,0.0,166168.67639992607,2319.31591894108,7,0
131,7406,"Traumatismos, envenenamientos y algunas otras consecuencias de causas externas",22.0,San Javier,47583.0,46.23499989492045,28.075152890738288,3.065004236775209,230872.77627405882,1416.2812432600829,7,0
132,7407,"Traumatismos, envenenamientos y algunas otras consecuencias de causas externas",9.0,Villa Alegre,16992.0,52.96610169491525,40.477871939736346,1.5242396443440829,216972.06541528474,1249.3892650240805,7,0
133,7408,"Traumatismos, envenenamientos y algunas otras consecuencias de causas externas",17.0,Yerbas Buenas,18612.0,91.33892112615517,64.70556630131098,1.8819553691079647,209656.2395851541,1170.7035755478662,7,0
134,8101,"Traumatismos, envenenamientos y algunas otras consecuencias de causas externas",85.0,Concepción,235573.0,36.08223353270536,2.09234504803182,4.403588974411941,382475.66665469145,4248.278483856196,8,0
135,8102,"Traumatismos, envenenamientos y algunas otras consecuencias de causas externas",36.0,Coronel,122496.0,29.388714733542322,2.3682405956112853,5.0028742139460345,275986.55679620954,2179.5559554917195,8,0
136,8103,"Traumatismos, envenenamientos y algunas otras consecuencias de causas externas",31.0,Chiguayante,90068.0,34.41843940134121,0.17986410267797664,5.474629287892471,324314.95652885205,715.8739270138491,8,0
137,8104,"Traumatismos, envenenamientos y algunas otras consecuencias de causas externas",4.0,Florida,11760.0,34.01360544217687,56.292517006802726,7.386301369863013,202031.18739726028,1856.370001060783,8,0
138,8105,"Traumatismos, envenenamientos y algunas otras consecuencias de causas externas",9.0,Hualqui,25552.0,35.222291797119595,13.975422667501567,8.48507217847769,199463.2407316273,1238.0485413091444,8,0
139,8106,"Traumatismos, envenenamientos y algunas otras consecuencias de causas externas",20.0,Lota,45920.0,43.55400696864111,0.4006968641114983,10.310435931307795,221295.45442536328,1076.6307789740342,8,0
140,8107,"Traumatismos, envenenamientos y algunas otras consecuencias de causas externas",23.0,Penco,49371.0,46.58605254096535,0.9823580644507909,5.891948438802106,244280.634550258,1510.9744459760366,8,0
141,8108,"Traumatismos, envenenamientos y algunas otras consecuencias de causas externas",49.0,San Pedro de la Paz,138190.0,35.4584268036761,0.14400463130472538,6.6412387135853415,441913.57041587005,2265.2404392275653,8,0
142,8109,"Traumatismos, envenenamientos y algunas otras consecuencias de causas externas",11.0,Santa Juana,14602.0,75.33214628133132,30.24243254348719,5.479756784813881,259006.69887290522,2221.0819527928456,8,0
143,8110,"Traumatismos, envenenamientos y algunas otras consecuencias de causas externas",60.0,Talcahuano,158038.0,37.96555258861793,0.961161239701844,6.185418021533348,322142.0824662187,1905.9264789742565,8,0
144,8111,"Traumatismos, envenenamientos y algunas otras consecuencias de causas externas",24.0,Tomé,58076.0,41.32516013499552,9.942144775811006,3.8981562774363474,254584.214714662,1370.1738462612582,8,0
145,8112,"Traumatismos, envenenamientos y algunas otras consecuencias de causas externas",28.0,Hualpén,96109.0,29.13358790539908,0.777242505904754,6.078736239815909,277857.4959885565,2381.8902484059186,8,0
146,8201,"Traumatismos, envenenamientos y algunas otras consecuencias de causas externas",13.0,Lebu,26927.0,48.27867939243139,7.542615218925243,14.849141389825068,282357.4043492216,1712.9448572545953,8,0
147,8202,"Traumatismos, envenenamientos y algunas otras consecuencias de causas externas",19.0,Arauco,38274.0,49.64205465851492,24.47875842608559,17.14784506273868,280185.80746317515,1387.8933993614387,8,0
148,8203,"Traumatismos, envenenamientos y algunas otras consecuencias de causas externas",36.0,Cañete,36448.0,98.7708516242318,43.17932396839333,19.83225580988992,219037.0781932553,1790.8123540098622,8,0
149,8204,"Traumatismos, envenenamientos y algunas otras consecuencias de causas externas",11.0,Contulmo,6280.0,175.15923566878982,50.605095541401276,23.266986959505832,184522.09402882637,1743.6791630340017,8,0
150,8205,"Traumatismos, envenenamientos y algunas otras consecuencias de causas externas",14.0,Curanilahue,33701.0,41.54179401204712,6.0116910477433905,9.983627686626956,227241.53635001916,2510.0712736287574,8,0
151,8206,"Traumatismos, envenenamientos y algunas otras consecuencias de causas externas",14.0,Los Álamos,22067.0,63.44315040558299,10.52703131372638,23.88408185688779,203340.84461841322,2062.2202709789144,8,0
152,8207,"Traumatismos, envenenamientos y algunas otras consecuencias de causas externas",15.0,Tirúa,10889.0,137.75369639085315,63.6973092111305,45.69218458255535,192147.4833288877,176.3668430335097,8,0
153,8301,"Traumatismos, envenenamientos y algunas otras consecuencias de causas externas",126.0,Los Angeles,212875.0,59.18966529653552,24.893482090428655,3.3744210438382356,274994.29964172014,1273.1638802047937,8,0
154,8302,"Traumatismos, envenenamientos y algunas otras consecuencias de causas externas",2.0,Antuco,4266.0,46.882325363338026,49.76558837318331,1.642281277993431,214216.03792176768,893.8547486033519,8,0
155,8303,"Traumatismos, envenenamientos y algunas otras consecuencias de causas externas",13.0,Cabrero,30229.0,43.00506136491449,23.725561546858977,0.6910197869101978,219605.47926940638,1042.870173304956,8,0
156,8304,"Traumatismos, envenenamientos y algunas otras consecuencias de causas externas",8.0,Laja,23729.0,33.71402081840786,27.236714568671243,3.881571902773316,199030.33761644716,1382.4884792626729,8,0
157,8305,"Traumatismos, envenenamientos y algunas otras consecuencias de causas externas",16.0,Mulchén,30836.0,51.88740433259826,17.37579452587884,11.284540702016429,225981.64372666168,849.4480544899396,8,0
158,8306,"Traumatismos, envenenamientos y algunas otras consecuencias de causas externas",6.0,Nacimiento,27752.0,21.620063418852695,12.04237532430095,3.14268751236889,236943.83882841875,1400.435195000837,8,0
159,8307,"Traumatismos, envenenamientos y algunas otras consecuencias de causas externas",11.0,Negrete,10253.0,107.28567248610163,36.81849214863942,3.9466244487164985,205362.66696822346,417.8854993731717,8,0
160,8308,"Traumatismos, envenenamientos y algunas otras consecuencias de causas externas",1.0,Quilaco,4163.0,24.02113860196973,50.92481383617583,6.174334140435835,203000.919188862,1958.6641887706255,8,0
161,8309,"Traumatismos, envenenamientos y algunas otras consecuencias de causas externas",8.0,Quilleco,10038.0,79.69715082685794,39.87846184498905,1.6586730615507594,203089.1551758593,2586.429308565532,8,0
162,8310,"Traumatismos, envenenamientos y algunas otras consecuencias de causas externas",2.0,San Rosendo,3644.0,54.88474204171241,15.477497255762898,2.4375,179194.1675,946.5648854961833,8,0
163,8311,"Traumatismos, envenenamientos y algunas otras consecuencias de causas externas",14.0,Santa Bárbara,14461.0,96.81211534472028,41.81591867782311,4.383116883116883,229202.27347132034,1106.5096415167595,8,0
164,8312,"Traumatismos, envenenamientos y algunas otras consecuencias de causas externas",10.0,Tucapel,14945.0,66.91201070592172,16.386751421880227,4.667058650595326,195604.3576363369,1087.9814317835644,8,0
165,8313,"Traumatismos, envenenamientos y algunas otras consecuencias de causas externas",10.0,Yumbel,21958.0,45.54148829583751,39.780490026414064,4.312125333736335,192122.2543448693,1614.0246324990069,8,0
166,8314,"Traumatismos, envenenamientos y algunas otras consecuencias de causas externas",5.0,Alto Biobío,6719.0,74.4158356898348,100.0,69.1801189464741,151792.4362786746,392.8213818069784,8,0
167,9101,"Traumatismos, envenenamientos y algunas otras consecuencias de causas externas",138.0,Temuco,295839.0,46.64699380406234,6.959866684243794,22.317056776255846,376979.7908524654,2861.2618326169168,9,0
168,9102,"Traumatismos, envenenamientos y algunas otras consecuencias de causas externas",20.0,Carahue,25369.0,78.83637510347273,45.338799322007176,48.86041693094845,228283.16850606792,1150.9925807098457,9,0
169,9103,"Traumatismos, envenenamientos y algunas otras consecuencias de causas externas",12.0,Cunco,17992.0,66.69630947087595,48.80502445531347,22.882963293540108,220753.68180296777,1007.6775431861804,9,0
170,9104,"Traumatismos, envenenamientos y algunas otras consecuencias de causas externas",7.0,Curarrehue,7694.0,90.97998440343125,70.19755653756174,63.33207022862195,252973.77264115194,1037.629703712964,9,0
171,9105,"Traumatismos, envenenamientos y algunas otras consecuencias de causas externas",25.0,Freire,25278.0,98.90022944853231,66.76952290529314,39.3633148054573,215770.03472172093,1271.304833752445,9,0
172,9106,"Traumatismos, envenenamientos y algunas otras consecuencias de causas externas",14.0,Galvarino,12628.0,110.86474501108647,65.61609122584733,56.38482772722625,159191.55086391984,1155.1983927674537,9,0
173,9107,"Traumatismos, envenenamientos y algunas otras consecuencias de causas externas",10.0,Gorbea,15140.0,66.05019815059445,29.042272126816382,24.34730218235373,236255.58535279153,1622.5726573699983,9,0
174,9108,"Traumatismos, envenenamientos y algunas otras consecuencias de causas externas",26.0,Lautaro,39614.0,65.63336194274751,27.581158176402283,31.034104616734293,271233.36810505536,1339.934348598181,9,0
175,9109,"Traumatismos, envenenamientos y algunas otras consecuencias de causas externas",15.0,Loncoche,24571.0,61.04757641121648,29.095274917585773,27.62384550797649,185563.67980441547,1238.228113010115,9,0
176,9110,"Traumatismos, envenenamientos y algunas otras consecuencias de causas externas",3.0,Melipeuco,6185.0,48.504446240905416,53.90460792239289,58.04821150855366,227808.22881026438,3114.434151570961,9,0
177,9111,"Traumatismos, envenenamientos y algunas otras consecuencias de causas externas",20.0,Nueva Imperial,33273.0,60.108796922429605,40.83491118925255,67.88182336904838,199585.3794141888,1643.6182271593746,9,0
178,9112,"Traumatismos, envenenamientos y algunas otras consecuencias de causas externas",37.0,Padre Las Casas,79019.0,46.82418152596211,39.608195497285465,49.95765787563513,243379.08692233244,1989.730423620026,9,0
179,9113,"Traumatismos, envenenamientos y algunas otras consecuencias de causas externas",2.0,Perquenco,7142.0,28.003360403248394,47.941753010361246,49.56597222222222,232461.1060474537,832.3057953144266,9,0
180,9114,"Traumatismos, envenenamientos y algunas otras consecuencias de causas externas",9.0,Pitrufquen,25549.0,35.22642764883166,32.56096129007006,34.01185688818871,277028.4942166577,1583.789449167346,9,0
181,9115,"Traumatismos, envenenamientos y algunas otras consecuencias de causas externas",22.0,Pucón,28796.0,76.3994999305459,36.89401305736908,27.860631203066745,289417.4416320958,1661.208930117748,9,0
182,9116,"Traumatismos, envenenamientos y algunas otras consecuencias de causas externas",10.0,Saavedra,12863.0,77.74236181295188,77.99891160693461,83.0168428005284,157786.9740752972,1069.7274927773874,9,0
183,9117,"Traumatismos, envenenamientos y algunas otras consecuencias de causas externas",12.0,Teodoro Schmidt,15740.0,76.23888182973316,64.03430749682339,54.57531367010444,193864.58588977205,934.5200254291163,9,0
184,9118,"Traumatismos, envenenamientos y algunas otras consecuencias de causas externas",5.0,Toltén,10126.0,49.37783922575549,60.17183488050563,61.03132421124053,158565.75392966188,803.5525481074222,9,0
185,9119,"Traumatismos, envenenamientos y algunas otras consecuencias de causas externas",16.0,Vilcún,29265.0,54.67281735861951,44.175636425764566,49.92879282901902,147317.09055876685,1468.7629292511376,9,0
186,9120,"Traumatismos, envenenamientos y algunas otras consecuencias de causas externas",29.0,Villarrica,57466.0,50.46462255942644,34.352486687780605,27.57705237362154,275377.64070501743,1829.726537936535,9,0
187,9121,"Traumatismos, envenenamientos y algunas otras consecuencias de causas externas",7.0,Cholchol,12023.0,58.22174166181485,62.72976794477252,80.46723536254362,151287.11525785187,1028.80658436214,9,0
188,9201,"Traumatismos, envenenamientos y algunas otras consecuencias de causas externas",38.0,Angol,55140.0,68.91548784911134,7.471889735219442,8.143778129181364,269334.0449661436,2669.00790166813,9,0
189,9202,"Traumatismos, envenenamientos y algunas otras consecuencias de causas externas",21.0,Collipulli,25681.0,81.77251664654803,25.018496164479576,34.4266387099995,192586.18062003894,2399.335418295543,9,0
190,9203,"Traumatismos, envenenamientos y algunas otras consecuencias de causas externas",9.0,Curacautín,18054.0,49.85044865403788,26.28780325689598,21.760057471264368,238862.97514367817,1673.7866797394777,9,0
191,9204,"Traumatismos, envenenamientos y algunas otras consecuencias de causas externas",10.0,Ercilla,8495.0,117.71630370806356,53.99646851088876,66.68952119757742,171196.73957262028,1669.0937605018482,9,0
192,9205,"Traumatismos, envenenamientos y algunas otras consecuencias de causas externas",7.0,Lonquimay,10939.0,63.99122406070025,65.50873023128257,55.43448148490165,191510.64927509465,1445.270025371511,9,0
193,9206,"Traumatismos, envenenamientos y algunas otras consecuencias de causas externas",11.0,Los Sauces,7524.0,146.19883040935673,38.18447634237108,29.578501748573533,205715.8251426468,2664.928292046936,9,0
194,9207,"Traumatismos, envenenamientos y algunas otras consecuencias de causas externas",7.0,Lumaco,10132.0,69.08803789972364,58.093170153967634,69.82307777901413,162610.74029153222,2475.2347870834938,9,0
195,9208,"Traumatismos, envenenamientos y algunas otras consecuencias de causas externas",11.0,Purén,12223.0,89.99427309171234,36.15315389020699,38.9190734915642,184768.642455438,1195.436507936508,9,0
196,9209,"Traumatismos, envenenamientos y algunas otras consecuencias de causas externas",12.0,Renaico,10634.0,112.84558961820576,17.895429753620462,5.838393274170948,237452.50630546475,2545.537563393833,9,0
197,9210,"Traumatismos, envenenamientos y algunas otras consecuencias de causas externas",19.0,Traiguén,19275.0,98.57328145265888,22.428015564202337,21.096469418199902,242444.48240924912,1725.5692599620493,9,0
198,9211,"Traumatismos, envenenamientos y algunas otras consecuencias de causas externas",19.0,Victoria,35219.0,53.94815298560437,26.772480763224394,29.033925686591278,199838.4373828756,1444.9505261504632,9,0
199,10101,"Traumatismos, envenenamientos y algunas otras consecuencias de causas externas",136.0,Puerto Montt,258579.0,52.59514500404132,10.801341176197603,20.545500426057924,312697.19977910817,1621.4310891787095,10,0
200,10102,"Traumatismos, envenenamientos y algunas otras consecuencias de causas externas",20.0,Calbuco,35813.0,55.845642643732724,52.581464831206546,17.78247783291304,290459.5248244258,915.2950622240064,10,0
201,10104,"Traumatismos, envenenamientos y algunas otras consecuencias de causas externas",5.0,Fresia,12677.0,39.44150824327522,39.17330598722095,14.388102490593083,247344.68894463358,987.7384196185286,10,0
202,10105,"Traumatismos, envenenamientos y algunas otras consecuencias de causas externas",8.0,Frutillar,19649.0,40.71454018016184,30.230546083770165,23.714858350035207,274638.6048968095,1221.4772077550808,10,0
203,10106,"Traumatismos, envenenamientos y algunas otras consecuencias de causas externas",12.0,Los Muermos,17731.0,67.67807794258643,51.88088658282105,19.06973658018711,285450.23269856017,2524.977293369664,10,0
204,10107,"Traumatismos, envenenamientos y algunas otras consecuencias de causas externas",12.0,Llanquihue,18328.0,65.47359231776517,18.561763422086425,29.500580720092916,231009.68440502588,1543.729913569846,10,0
205,10108,"Traumatismos, envenenamientos y algunas otras consecuencias de causas externas",10.0,Maullín,14973.0,66.78688305616777,52.20730648500634,23.423119142109265,211095.49911340032,2982.581722739203,10,0
206,10109,"Traumatismos, envenenamientos y algunas otras consecuencias de causas externas",19.0,Puerto Varas,46283.0,41.051790074109284,27.642979063587063,16.65776952535685,386801.828432169,919.9318568994888,10,0
207,10201,"Traumatismos, envenenamientos y algunas otras consecuencias de causas externas",28.0,Castro,46390.0,60.35783574046131,23.40375080836387,24.556625931851446,342472.8116894169,1697.520661157025,10,0
208,10202,"Traumatismos, envenenamientos y algunas otras consecuencias de causas externas",17.0,Ancud,42231.0,40.25478913594279,28.443560417702635,22.9845375863075,246129.7833560245,1596.2998102466795,10,0
209,10203,"Traumatismos, envenenamientos y algunas otras consecuencias de causas externas",10.0,Chonchi,15683.0,63.7633105910859,59.04482560734553,26.17899947889526,388117.43388483586,1274.954910131227,10,0
210,10205,"Traumatismos, envenenamientos y algunas otras consecuencias de causas externas",12.0,Dalcahue,14689.0,81.69378446456533,47.19858397440262,37.84124547746958,288849.53080802545,605.1684658161596,10,0
211,10206,"Traumatismos, envenenamientos y algunas otras consecuencias de causas externas",5.0,Puqueldón,4197.0,119.13271384322134,100.0,23.668032786885245,210691.70338114753,1672.9678638941398,10,0
212,10207,"Traumatismos, envenenamientos y algunas otras consecuencias de causas externas",1.0,Queilén,5518.0,18.12250815512867,55.074302283436026,50.23659305993691,186422.8172318612,1113.1725417439702,10,0
213,10208,"Traumatismos, envenenamientos y algunas otras consecuencias de causas externas",23.0,Quellón,28499.0,80.70458612582898,33.89592617284817,53.08913371335089,245019.14125405793,300.2358996354278,10,0
214,10209,"Traumatismos, envenenamientos y algunas otras consecuencias de causas externas",9.0,Quemchi,8777.0,102.54073145721772,68.57696251566594,50.37135572552932,181032.22769094334,1221.6404886561954,10,0
215,10210,"Traumatismos, envenenamientos y algunas otras consecuencias de causas externas",8.0,Quinchao,8369.0,95.59087107181264,59.73234556099892,65.27927281425667,209699.0011960292,1200.4217698110149,10,0
216,10301,"Traumatismos, envenenamientos y algunas otras consecuencias de causas externas",84.0,Osorno,170129.0,49.37429832656396,8.706922394183238,29.751577881328856,306999.3204470513,1923.19193472596,10,0
217,10302,"Traumatismos, envenenamientos y algunas otras consecuencias de causas externas",6.0,Puerto Octay,9273.0,64.70397929472664,76.15658362989323,39.19670941204936,268903.5802080813,2025.253439536568,10,0
218,10303,"Traumatismos, envenenamientos y algunas otras consecuencias de causas externas",16.0,Purranque,21092.0,75.85814526834818,28.309311587331692,31.782477341389725,260228.02099697886,1394.1282597999016,10,0
219,10304,"Traumatismos, envenenamientos y algunas otras consecuencias de causas externas",6.0,Puyehue,11708.0,51.24701059104886,55.380936112060134,35.90373280943025,278441.31385068764,831.129580657348,10,0
220,10305,"Traumatismos, envenenamientos y algunas otras consecuencias de causas externas",12.0,Río Negro,14373.0,83.48987685243164,47.78403951854171,21.18010821953105,324034.60834836384,1220.83786269755,10,0
221,10306,"Traumatismos, envenenamientos y algunas otras consecuencias de causas externas",8.0,San Juan de la Costa,7794.0,102.64305876315115,82.3582242750834,78.13308969087863,210625.64291152733,1109.3947479286617,10,0
222,10307,"Traumatismos, envenenamientos y algunas otras consecuencias de causas externas",11.0,San Pablo,10534.0,104.42377064742738,53.93962407442567,39.033645332658736,220148.3044523147,1298.8619495299356,10,0
223,11101,"Traumatismos, envenenamientos y algunas otras consecuencias de causas externas",33.0,Coyhaique,60005.0,54.995417048579284,12.767269394217148,25.531195019623766,480686.8874678576,1746.9782433521357,11,0
224,11201,"Traumatismos, envenenamientos y algunas otras consecuencias de causas externas",19.0,Aysén,24623.0,77.16362750274133,12.382731592413597,34.77400197954471,378488.8573994648,1081.2309398392017,11,0
225,11202,"Traumatismos, envenenamientos y algunas otras consecuencias de causas externas",3.0,Cisnes,5745.0,52.21932114882507,27.53698868581375,31.3926499032882,378770.0090909091,759.0439276485788,11,0
226,11301,"Traumatismos, envenenamientos y algunas otras consecuencias de causas externas",4.0,Cochrane,3606.0,110.92623405435387,17.470881863560734,14.011976047904193,429680.8870259481,1651.031894934334,11,0
227,11401,"Traumatismos, envenenamientos y algunas otras consecuencias de causas externas",4.0,Chile Chico,5043.0,79.3178663493952,33.35316279992068,12.383439015292801,430858.76482655725,1097.345132743363,11,0
228,11402,"Traumatismos, envenenamientos y algunas otras consecuencias de causas externas",3.0,Río Ibáñez,2668.0,112.44377811094452,100.0,19.921875,281813.2449776786,1778.242677824268,11,0
229,12101,"Traumatismos, envenenamientos y algunas otras consecuencias de causas externas",60.0,Punta Arenas,136476.0,43.963773850347316,4.832351475717342,23.047000024620232,492972.65576811024,592.4781040700669,12,0
230,12301,"Traumatismos, envenenamientos y algunas otras consecuencias de causas externas",7.0,Porvenir,6920.0,101.15606936416184,12.644508670520233,27.93722899029527,515905.24509601487,1650.3228892609422,12,0
231,12401,"Traumatismos, envenenamientos y algunas otras consecuencias de causas externas",11.0,Natales,22686.0,48.488054306620825,10.526315789473683,24.22057677318784,405986.01968043647,1046.063497889521,12,0
232,13101,"Traumatismos, envenenamientos y algunas otras consecuencias de causas externas",104.0,Santiago,446490.0,23.292794911420188,0.0,3.404752385208181,593633.8637628668,20124.603937484422,13,1
233,13102,"Traumatismos, envenenamientos y algunas otras consecuencias de causas externas",27.0,Cerrillos,85026.0,31.75499259050173,0.0,6.838648520549801,286894.97007244907,4233.593581646692,13,1
234,13103,"Traumatismos, envenenamientos y algunas otras consecuencias de causas externas",58.0,Cerro Navia,139604.0,41.54608750465603,0.0,9.683613829421482,262109.90753272455,1612.2350913820817,13,1
235,13104,"Traumatismos, envenenamientos y algunas otras consecuencias de causas externas",57.0,Conchalí,133420.0,42.722230550142406,0.0,8.582631426081905,290928.60099644767,3384.250724255992,13,1
236,13105,"Traumatismos, envenenamientos y algunas otras consecuencias de causas externas",74.0,El Bosque,170801.0,43.325273271233776,0.0,9.063726162263091,281129.33080021676,2344.4804487877354,13,1
237,13106,"Traumatismos, envenenamientos y algunas otras consecuencias de causas externas",52.0,Estación Central,148730.0,34.962684058360786,0.0,7.376235487073244,320846.88758686173,6483.527622909276,13,1
238,13107,"Traumatismos, envenenamientos y algunas otras consecuencias de causas externas",45.0,Huechuraba,103962.0,43.2850464592832,0.08079875339066196,17.61819036589421,288339.7831122221,3001.5888074799686,13,1
239,13108,"Traumatismos, envenenamientos y algunas otras consecuencias de causas externas",65.0,Independencia,105437.0,61.64818801748912,0.0,5.9201714438789175,312291.9363417188,7375.817673300511,13,1
240,13109,"Traumatismos, envenenamientos y algunas otras consecuencias de causas externas",29.0,La Cisterna,95652.0,30.318236942248987,0.0,4.056080001317979,393995.5924809305,5359.956271502524,13,1
241,13110,"Traumatismos, envenenamientos y algunas otras consecuencias de causas externas",112.0,La Florida,386307.0,28.992485251367434,0.04504189672980298,8.329883570504528,395878.04301164293,2840.846460477576,13,1
242,13111,"Traumatismos, envenenamientos y algunas otras consecuencias de causas externas",69.0,La Granja,122518.0,56.31825527677565,0.0,7.608160488411856,271702.61858937057,2671.0771870550047,13,1
243,13112,"Traumatismos, envenenamientos y algunas otras consecuencias de causas externas",108.0,La Pintana,187970.0,57.45597701760919,0.0,13.465389815690221,220595.82322831845,1930.550584961868,13,1
244,13113,"Traumatismos, envenenamientos y algunas otras consecuencias de causas externas",30.0,La Reina,96811.0,30.988214149218578,0.0,4.945116866139248,997894.0080014425,3839.2275142797166,13,1
245,13114,"Traumatismos, envenenamientos y algunas otras consecuencias de causas externas",65.0,Las Condes,307708.0,21.123922679943323,0.0,1.2903291963043604,1336872.000639183,3020.14212829214,13,1
246,13115,"Traumatismos, envenenamientos y algunas otras consecuencias de causas externas",21.0,Lo Barnechea,109778.0,19.129515932153982,0.8562735702964165,5.896310357100487,714251.3311266659,2553.428013975226,13,1
247,13116,"Traumatismos, envenenamientos y algunas otras consecuencias de causas externas",60.0,Lo Espejo,103454.0,57.99679084423995,0.0,10.76692940567286,258637.23442839884,2259.143566913446,13,1
248,13117,"Traumatismos, envenenamientos y algunas otras consecuencias de causas externas",36.0,Lo Prado,100771.0,35.72456361453196,0.0,6.042092663707545,292873.3764026732,994.8032665181886,13,1
249,13118,"Traumatismos, envenenamientos y algunas otras consecuencias de causas externas",40.0,Macul,123420.0,32.40965807810728,0.0,7.739000285089803,377539.35841727647,1826.0739410267925,13,1
250,13119,"Traumatismos, envenenamientos y algunas otras consecuencias de causas externas",124.0,Maipú,549261.0,22.57578819541165,0.6623444956040935,7.396772726056357,381371.95273176517,948.9832322511594,13,1
251,13120,"Traumatismos, envenenamientos y algunas otras consecuencias de causas externas",54.0,Ñuñoa,222055.0,24.318299520389093,0.0,3.3330451662593035,967506.2363860705,489.5960832313341,13,1
252,13121,"Traumatismos, envenenamientos y algunas otras consecuencias de causas externas",44.0,Pedro Aguirre Cerda,106257.0,41.40903658111936,0.0,10.630244553362928,294294.23043958016,1476.2898896510587,13,1
253,13122,"Traumatismos, envenenamientos y algunas otras consecuencias de causas externas",92.0,Peñalolén,253606.0,36.27674424106685,0.0,5.8966336633663365,505434.1418970297,865.4383026242323,13,1
254,13123,"Traumatismos, envenenamientos y algunas otras consecuencias de causas externas",48.0,Providencia,147826.0,32.47060733565137,0.0,2.711824463652967,1360119.369412438,5066.324824434288,13,1
255,13124,"Traumatismos, envenenamientos y algunas otras consecuencias de causas externas",80.0,Pudahuel,240958.0,33.20080677960474,1.8521900082171996,9.09494482340508,297166.4938296963,1542.6429262476463,13,1
256,13125,"Traumatismos, envenenamientos y algunas otras consecuencias de causas externas",52.0,Quilicura,222048.0,23.41835999423548,0.2882259691598213,6.904560497454848,328385.83228707535,837.1909780360485,13,1
257,13126,"Traumatismos, envenenamientos y algunas otras consecuencias de causas externas",56.0,Quinta Normal,118503.0,47.2561876070648,0.0,7.223011844331641,304647.8094213198,4265.876557312677,13,1
258,13127,"Traumatismos, envenenamientos y algunas otras consecuencias de causas externas",70.0,Recoleta,165663.0,42.254456336055725,0.0,6.83261704636215,365786.30283725704,2452.1599633321875,13,1
259,13128,"Traumatismos, envenenamientos y algunas otras consecuencias de causas externas",58.0,Renca,154637.0,37.50719426786603,0.0,9.303704191606906,298919.48073803895,1830.5105360780856,13,1
260,13129,"Traumatismos, envenenamientos y algunas otras consecuencias de causas externas",57.0,San Joaquín,99371.0,57.36079942840467,0.0,6.142541087231352,292097.6056731985,3448.064298423216,13,1
261,13130,"Traumatismos, envenenamientos y algunas otras consecuencias de causas externas",46.0,San Miguel,114641.0,40.125260596121805,0.0,2.5342702453634374,490732.0398077904,7276.798208788134,13,1
262,13131,"Traumatismos, envenenamientos y algunas otras consecuencias de causas externas",37.0,San Ramón,86770.0,42.64146594445084,0.0,3.3120136880270503,265305.49877106503,2799.2032831152164,13,1
263,13132,"Traumatismos, envenenamientos y algunas otras consecuencias de causas externas",13.0,Vitacura,88716.0,14.653501059560845,0.0,0.748683373272139,1731000.8552996765,5002.193361426083,13,1
264,13201,"Traumatismos, envenenamientos y algunas otras consecuencias de causas externas",194.0,Puente Alto,604744.0,32.07968991837869,0.0018189514902173481,7.42250019602688,320319.5322902397,2442.1616793211256,13,1
265,13202,"Traumatismos, envenenamientos y algunas otras consecuencias de causas externas",5.0,Pirque,28010.0,17.85076758300607,56.258479114601926,7.5092387287509235,503024.62653362897,1587.8802608660428,13,1
266,13203,"Traumatismos, envenenamientos y algunas otras consecuencias de causas externas",6.0,San José de Maipo,17540.0,34.20752565564425,34.03078677309008,8.360739603888035,370603.2978878901,2964.771538193233,13,1
267,13301,"Traumatismos, envenenamientos y algunas otras consecuencias de causas externas",45.0,Colina,152740.0,29.461830561738907,19.492601806992273,7.802518191876852,477950.5769873767,2629.1344338186027,13,1
268,13302,"Traumatismos, envenenamientos y algunas otras consecuencias de causas externas",45.0,Lampa,107662.0,41.79747729003734,20.860656499043305,9.687425134600108,390464.42507155554,2889.360473146904,13,1
269,13303,"Traumatismos, envenenamientos y algunas otras consecuencias de causas externas",7.0,Tiltil,20268.0,34.53720149990132,31.58180382869548,2.5196072376953005,255824.89761007842,1338.251694260959,13,1
270,13401,"Traumatismos, envenenamientos y algunas otras consecuencias de causas externas",121.0,San Bernardo,318078.0,38.04098365809644,1.5499342928464088,8.947655447322513,271912.8430627574,2711.922224117346,13,1
271,13402,"Traumatismos, envenenamientos y algunas otras consecuencias de causas externas",38.0,Buin,101743.0,37.3490068112794,14.2456974927022,9.557664038487237,272555.3282239743,2269.97578692494,13,1
272,13403,"Traumatismos, envenenamientos y algunas otras consecuencias de causas externas",9.0,Calera de Tango,26704.0,33.70281605751947,55.25014979029359,1.8510874742022545,289775.34107001114,1912.051912051912,13,1
273,13404,"Traumatismos, envenenamientos y algunas otras consecuencias de causas externas",33.0,Paine,76659.0,43.04778303917348,35.677480791557414,5.978490385427518,353275.52018637914,562.8517823639775,13,1
274,13501,"Traumatismos, envenenamientos y algunas otras consecuencias de causas externas",68.0,Melipilla,133232.0,51.0387894800048,31.652305752371802,0.9714593230403801,271752.33270858077,1663.0743051616562,13,1
275,13502,"Traumatismos, envenenamientos y algunas otras consecuencias de causas externas",3.0,Alhué,6835.0,43.891733723482076,57.32260424286759,2.281284606866002,313250.34595791803,1680.488869489306,13,1
276,13503,"Traumatismos, envenenamientos y algunas otras consecuencias de causas externas",9.0,Curacaví,34337.0,26.210793022104436,37.57754026269039,0.7957391497321118,275699.7035158355,1937.1298979463272,13,1
277,13504,"Traumatismos, envenenamientos y algunas otras consecuencias de causas externas",7.0,María Pinto,14254.0,49.10902202890417,49.30545811701978,14.862278438878256,213018.56960971956,1834.7609836971535,13,1
278,13505,"Traumatismos, envenenamientos y algunas otras consecuencias de causas externas",6.0,San Pedro,11229.0,53.433075073470484,100.0,6.9785082174462705,229539.26776232617,1687.9219804951238,13,1
279,13601,"Traumatismos, envenenamientos y algunas otras consecuencias de causas externas",16.0,Talagante,77899.0,20.539416423830858,20.341724540751486,2.3471550718079404,421648.5597923167,1800.1439171414752,13,1
280,13602,"Traumatismos, envenenamientos y algunas otras consecuencias de causas externas",14.0,El Monte,37901.0,36.93833935780059,16.247592411809713,6.791229153798641,272264.97251389746,1514.218884648529,13,1
281,13603,"Traumatismos, envenenamientos y algunas otras consecuencias de causas externas",14.0,Isla de Maipo,37965.0,36.876070064533124,25.649940734887394,4.724175791566515,219520.78652185525,1346.8411259119237,13,1
282,13604,"Traumatismos, envenenamientos y algunas otras consecuencias de causas externas",21.0,Padre Hurtado,67299.0,31.204029777559843,11.873876283451464,6.247668084471308,302470.43522871425,1130.8171845551635,13,1
283,13605,"Traumatismos, envenenamientos y algunas otras consecuencias de causas externas",36.0,Peñaflor,95420.0,37.727939635296586,7.998323202682876,2.580713791819584,312331.5501941386,1940.7744155577657,13,1
284,14101,"Traumatismos, envenenamientos y algunas otras consecuencias de causas externas",61.0,Valdivia,171725.0,35.52191003057214,6.8231183578395695,13.798619347383145,392788.77765410696,2688.64140436978,14,0
285,14102,"Traumatismos, envenenamientos y algunas otras consecuencias de causas externas",2.0,Corral,5436.0,36.79175864606328,33.05739514348786,27.620556939098933,190097.95607878652,1149.9240616185723,14,0
286,14103,"Traumatismos, envenenamientos y algunas otras consecuencias de causas externas",11.0,Lanco,17264.0,63.71640407784986,31.11098239110287,31.255819728102303,208445.75256068035,1438.8066713648109,14,0
287,14104,"Traumatismos, envenenamientos y algunas otras consecuencias de causas externas",13.0,Los Lagos,20430.0,63.63191385217817,49.285364659814,21.36594151381582,220062.96791317125,893.0849706557796,14,0
288,14105,"Traumatismos, envenenamientos y algunas otras consecuencias de causas externas",4.0,Máfil,7362.0,54.33306166802499,37.78864439011138,22.621902478017585,255260.20991207034,914.8137755309194,14,0
289,14106,"Traumatismos, envenenamientos y algunas otras consecuencias de causas externas",19.0,Mariquina,22532.0,84.3245162435647,52.893662346884426,35.485380116959064,222678.74736842106,2857.142857142857,14,0
290,14107,"Traumatismos, envenenamientos y algunas otras consecuencias de causas externas",17.0,Paillaco,20575.0,82.62454434993924,37.16646415552856,13.106369788706928,207640.7170016015,1735.61777406324,14,0
291,14108,"Traumatismos, envenenamientos y algunas otras consecuencias de causas externas",23.0,Panguipulli,35619.0,64.57227883994497,55.669726831185606,28.39376999192849,207279.52623239963,1629.120529464172,14,0
292,14201,"Traumatismos, envenenamientos y algunas otras consecuencias de causas externas",22.0,La Unión,39281.0,56.00672080649679,29.225325220844685,26.651741989646005,244039.528277599,999.732691793638,14,0
293,14202,"Traumatismos, envenenamientos y algunas otras consecuencias de causas externas",7.0,Futrono,15240.0,45.93175853018373,43.471128608923884,28.766854300301087,231874.3054719204,941.7862334871372,14,0
294,14203,"Traumatismos, envenenamientos y algunas otras consecuencias de causas externas",8.0,Lago Ranco,10259.0,77.98030997173214,76.73262501218441,31.93335647344672,220344.10401480968,1095.4616588419406,14,0
295,14204,"Traumatismos, envenenamientos y algunas otras consecuencias de causas externas",23.0,Río Bueno,32770.0,70.18614586512054,44.69636862984437,30.938466827088345,220527.957408044,1404.9714373938552,14,0
296,15101,"Traumatismos, envenenamientos y algunas otras consecuencias de causas externas",96.0,Arica,232628.0,41.267603211995116,7.146173289543821,26.650575308189534,305247.230527666,2568.7865274519286,15,0
297,16101,"Traumatismos, envenenamientos y algunas otras consecuencias de causas externas",85.0,Chillán,193226.0,43.98993924213097,8.522662581640152,2.4763345096062284,302290.2327059878,2527.6738598589154,16,0
298,16102,"Traumatismos, envenenamientos y algunas otras consecuencias de causas externas",6.0,Bulnes,22329.0,26.87088539567379,37.11764969322406,4.172312292669252,225719.51759099192,1182.7809104662356,16,0
299,16103,"Traumatismos, envenenamientos y algunas otras consecuencias de causas externas",8.0,Chillán Viejo,32166.0,24.870981782005842,10.946340856805323,2.975975056373709,208863.8049608864,1136.3001842648948,16,0
300,16104,"Traumatismos, envenenamientos y algunas otras consecuencias de causas externas",13.0,El Carmen,12374.0,105.05899466623566,59.65734604816551,4.124691123360578,175433.92986124312,1034.5791779289775,16,0
301,16105,"Traumatismos, envenenamientos y algunas otras consecuencias de causas externas",14.0,Pemuco,8638.0,162.07455429497568,50.42833989349387,2.0874972240728407,186307.60071063734,858.2326764144947,16,0
302,16106,"Traumatismos, envenenamientos y algunas otras consecuencias de causas externas",7.0,Pinto,11579.0,60.45427066240608,49.95250021590811,3.2333393209987427,174665.13121968744,1875.0230686893287,16,0
303,16107,"Traumatismos, envenenamientos y algunas otras consecuencias de causas externas",7.0,Quillón,18247.0,38.36247054310298,39.29961089494164,2.9053481857859422,252703.78744055761,1646.3125188797303,16,0
304,16108,"Traumatismos, envenenamientos y algunas otras consecuencias de causas externas",23.0,San Ignacio,16539.0,139.06523973638068,57.276739827075396,2.0937520837500836,168810.86437287458,641.1527529909446,16,0
305,16109,"Traumatismos, envenenamientos y algunas otras consecuencias de causas externas",10.0,Yungay,18296.0,54.65675557498906,23.835811106252734,2.5197442647611883,210176.61204534466,1409.553641346907,16,0
306,16201,"Traumatismos, envenenamientos y algunas otras consecuencias de causas externas",4.0,Quirihue,12076.0,33.123550844650545,18.424975157336867,1.9789734075448362,211835.394116088,3003.9264279388344,16,0
307,16202,"Traumatismos, envenenamientos y algunas otras consecuencias de causas externas",4.0,Cobquecura,5292.0,75.58578987150416,71.48526077097506,1.3430457546096062,172846.34076940588,1227.7730736663843,16,0
308,16203,"Traumatismos, envenenamientos y algunas otras consecuencias de causas externas",9.0,Coelemu,16704.0,53.87931034482759,28.047174329501917,1.942690626517727,255878.9117463401,1338.0666302566904,16,0
309,16204,"Traumatismos, envenenamientos y algunas otras consecuencias de causas externas",5.0,Ninhue,5437.0,91.96247930844216,71.08699650542579,1.3180639585133966,196845.455920484,659.5691292970571,16,0
310,16205,"Traumatismos, envenenamientos y algunas otras consecuencias de causas externas",3.0,Portezuelo,4970.0,60.36217303822937,62.273641851106646,0.5473204104903079,196189.1220068415,1222.4938875305625,16,0
311,16206,"Traumatismos, envenenamientos y algunas otras consecuencias de causas externas",5.0,Ránquil,6185.0,80.84074373484236,72.85367825383993,3.8949066605208573,228045.6112007375,1313.1911532385466,16,0
312,16207,"Traumatismos, envenenamientos y algunas otras consecuencias de causas externas",3.0,Treguaco,5606.0,53.51409204423832,66.82126293257224,2.4850042844901457,189737.74785775493,707.5471698113208,16,0
313,16301,"Traumatismos, envenenamientos y algunas otras consecuencias de causas externas",25.0,San Carlos,55278.0,45.22594884040667,36.29111038749593,1.2462908011869436,244142.83234421365,1989.6328630446644,16,0
314,16302,"Traumatismos, envenenamientos y algunas otras consecuencias de causas externas",19.0,Coihueco,27680.0,68.64161849710983,65.27456647398844,6.042013733696314,192525.5946121653,739.8520295940813,16,0
315,16303,"Traumatismos, envenenamientos y algunas otras consecuencias de causas externas",7.0,Ñiquén,11532.0,60.70065903572667,89.43808532778355,3.5283300770026433,193986.23606482014,6117.864592486189,16,0
316,16304,"Traumatismos, envenenamientos y algunas otras consecuencias de causas externas",1.0,San Fabián,4513.0,22.158209616662973,63.062264569022815,0.7198748043818467,241954.8178403756,2138.880750073249,16,0
317,16305,"Traumatismos, envenenamientos y algunas otras consecuencias de causas externas",9.0,San Nicolás,11850.0,75.94936708860759,57.39240506329114,2.2849598862597746,207441.37473342134,1075.6972111553785,16,0
318,2103,,,Sierra Gorda,1582.0,0.0,100.0,5.325725154541132,345129.54018069425,3100.436681222708,2,0
319,3303,,,Freirina,7403.0,0.0,33.28380386329866,14.006628292342576,228758.2407116693,970.0476514635808,3,0
320,4105,,,Paiguano,4586.0,0.0,100.0,8.922670191672175,212913.27671293236,1357.7629719362003,4,0
321,10204,,,Curaco de Vélez,3989.0,0.0,67.0844823263976,29.694323144104807,215509.05676855895,749.7656982193065,10,0
322,15102,,,Camarones,1218.0,0.0,100.0,87.57596218771101,244274.37812288993,775.1937984496124,15,0
323,15201,,,Putre,2441.0,0.0,26.300696435886934,91.48936170212765,285331.7960992908,1240.7627041328346,15,0
